INSERT INTO card (id, name, level) VALUES (1, 'Pekka',  1);
INSERT INTO card (id, name, level) VALUES (2, 'Pekka',  2);
INSERT INTO card (id, name, level) VALUES (3, 'Pekka',  3);
INSERT INTO card (id, name, level) VALUES (4, 'Pekka',  4);
INSERT INTO card (id, name, level) VALUES (5, 'Pekka',  5);
INSERT INTO card (id, name, level) VALUES (6, 'Pekka',  6);
INSERT INTO card (id, name, level) VALUES (7, 'Pekka',  7);
INSERT INTO card (id, name, level) VALUES (8, 'Pekka',  8);
INSERT INTO card (id, name, level) VALUES (9, 'Pekka',  9);
INSERT INTO card (id, name, level) VALUES (10, 'Pekka',  10);
INSERT INTO card (id, name, level) VALUES (11, 'Pekka',  11);
INSERT INTO card (id, name, level) VALUES (12, 'Pekka',  12);
INSERT INTO card (id, name, level) VALUES (13, 'Pekka',  13);
INSERT INTO card (id, name, level) VALUES (14, 'Pekka',  14);
INSERT INTO card (id, name, level) VALUES (15, 'Pekka',  15);
INSERT INTO card (id, name, level) VALUES (16, 'Archer',  1);
INSERT INTO card (id, name, level) VALUES (17, 'Archer',  2);
INSERT INTO card (id, name, level) VALUES (18, 'Archer',  3);
INSERT INTO card (id, name, level) VALUES (19, 'Archer',  4);
INSERT INTO card (id, name, level) VALUES (20, 'Archer',  5);
INSERT INTO card (id, name, level) VALUES (21, 'Archer',  6);
INSERT INTO card (id, name, level) VALUES (22, 'Archer',  7);
INSERT INTO card (id, name, level) VALUES (23, 'Archer',  8);
INSERT INTO card (id, name, level) VALUES (24, 'Archer',  9);
INSERT INTO card (id, name, level) VALUES (25, 'Archer',  10);
INSERT INTO card (id, name, level) VALUES (26, 'Archer',  11);
INSERT INTO card (id, name, level) VALUES (27, 'Archer',  12);
INSERT INTO card (id, name, level) VALUES (28, 'Archer',  13);
INSERT INTO card (id, name, level) VALUES (29, 'Archer',  14);
INSERT INTO card (id, name, level) VALUES (30, 'Archer',  15);
INSERT INTO card (id, name, level) VALUES (31, 'Valkyrie',  1);
INSERT INTO card (id, name, level) VALUES (32, 'Valkyrie',  2);
INSERT INTO card (id, name, level) VALUES (33, 'Valkyrie',  3);
INSERT INTO card (id, name, level) VALUES (34, 'Valkyrie',  4);
INSERT INTO card (id, name, level) VALUES (35, 'Valkyrie',  5);
INSERT INTO card (id, name, level) VALUES (36, 'Valkyrie',  6);
INSERT INTO card (id, name, level) VALUES (37, 'Valkyrie',  7);
INSERT INTO card (id, name, level) VALUES (38, 'Valkyrie',  8);
INSERT INTO card (id, name, level) VALUES (39, 'Valkyrie',  9);
INSERT INTO card (id, name, level) VALUES (40, 'Valkyrie',  10);
INSERT INTO card (id, name, level) VALUES (41, 'Valkyrie',  11);
INSERT INTO card (id, name, level) VALUES (42, 'Valkyrie',  12);
INSERT INTO card (id, name, level) VALUES (43, 'Valkyrie',  13);
INSERT INTO card (id, name, level) VALUES (44, 'Valkyrie',  14);
INSERT INTO card (id, name, level) VALUES (45, 'Valkyrie',  15);
INSERT INTO card (id, name, level) VALUES (46, 'Wizard', 1);
INSERT INTO card (id, name, level) VALUES (47, 'Wizard', 2);
INSERT INTO card (id, name, level) VALUES (48, 'Wizard', 3);
INSERT INTO card (id, name, level) VALUES (49, 'Wizard', 4);
INSERT INTO card (id, name, level) VALUES (50, 'Wizard', 5);
INSERT INTO card (id, name, level) VALUES (51, 'Wizard', 6);
INSERT INTO card (id, name, level) VALUES (52, 'Wizard', 7);
INSERT INTO card (id, name, level) VALUES (53, 'Wizard', 8);
INSERT INTO card (id, name, level) VALUES (54, 'Wizard', 9);
INSERT INTO card (id, name, level) VALUES (55, 'Wizard', 10);
INSERT INTO card (id, name, level) VALUES (56, 'Wizard', 11);
INSERT INTO card (id, name, level) VALUES (57, 'Wizard', 12);
INSERT INTO card (id, name, level) VALUES (58, 'Wizard', 13);
INSERT INTO card (id, name, level) VALUES (59, 'Wizard', 14);
INSERT INTO card (id, name, level) VALUES (60, 'Wizard', 15);
INSERT INTO card (id, name, level) VALUES (61, 'Minions', 1);
INSERT INTO card (id, name, level) VALUES (62, 'Minions', 2);
INSERT INTO card (id, name, level) VALUES (63, 'Minions', 3);
INSERT INTO card (id, name, level) VALUES (64, 'Minions', 4);
INSERT INTO card (id, name, level) VALUES (65, 'Minions', 5);
INSERT INTO card (id, name, level) VALUES (66, 'Minions', 6);
INSERT INTO card (id, name, level) VALUES (67, 'Minions', 7);
INSERT INTO card (id, name, level) VALUES (68, 'Minions', 8);
INSERT INTO card (id, name, level) VALUES (69, 'Minions', 9);
INSERT INTO card (id, name, level) VALUES (70, 'Minions', 10);
INSERT INTO card (id, name, level) VALUES (71, 'Minions', 11);
INSERT INTO card (id, name, level) VALUES (72, 'Minions', 12);
INSERT INTO card (id, name, level) VALUES (73, 'Minions', 13);
INSERT INTO card (id, name, level) VALUES (74, 'Minions', 14);
INSERT INTO card (id, name, level) VALUES (75, 'Minions', 15);
INSERT INTO card (id, name, level) VALUES (76, 'Knight', 1);
INSERT INTO card (id, name, level) VALUES (77, 'Knight', 2);
INSERT INTO card (id, name, level) VALUES (78, 'Knight', 3);
INSERT INTO card (id, name, level) VALUES (79, 'Knight', 4);
INSERT INTO card (id, name, level) VALUES (80, 'Knight', 5);
INSERT INTO card (id, name, level) VALUES (81, 'Knight', 6);
INSERT INTO card (id, name, level) VALUES (82, 'Knight', 7);
INSERT INTO card (id, name, level) VALUES (83, 'Knight', 8);
INSERT INTO card (id, name, level) VALUES (84, 'Knight', 9);
INSERT INTO card (id, name, level) VALUES (85, 'Knight', 10);
INSERT INTO card (id, name, level) VALUES (86, 'Knight', 11);
INSERT INTO card (id, name, level) VALUES (87, 'Knight', 12);
INSERT INTO card (id, name, level) VALUES (88, 'Knight', 13);
INSERT INTO card (id, name, level) VALUES (89, 'Knight', 14);
INSERT INTO card (id, name, level) VALUES (90, 'Knight', 15);
INSERT INTO card (id, name, level) VALUES (91, 'Giant', 1);
INSERT INTO card (id, name, level) VALUES (92, 'Giant', 2);
INSERT INTO card (id, name, level) VALUES (93, 'Giant', 3);
INSERT INTO card (id, name, level) VALUES (94, 'Giant', 4);
INSERT INTO card (id, name, level) VALUES (95, 'Giant', 5);
INSERT INTO card (id, name, level) VALUES (96, 'Giant', 6);
INSERT INTO card (id, name, level) VALUES (97, 'Giant', 7);
INSERT INTO card (id, name, level) VALUES (98, 'Giant', 8);
INSERT INTO card (id, name, level) VALUES (99, 'Giant', 9);
INSERT INTO card (id, name, level) VALUES (100, 'Giant', 10);
INSERT INTO card (id, name, level) VALUES (101, 'Giant', 11);
INSERT INTO card (id, name, level) VALUES (102, 'Giant', 12);
INSERT INTO card (id, name, level) VALUES (103, 'Giant', 13);
INSERT INTO card (id, name, level) VALUES (104, 'Giant', 14);
INSERT INTO card (id, name, level) VALUES (105, 'Giant', 15);
INSERT INTO card (id, name, level) VALUES (106, 'Fireball', 1);
INSERT INTO card (id, name, level) VALUES (107, 'Fireball', 2);
INSERT INTO card (id, name, level) VALUES (108, 'Fireball', 3);
INSERT INTO card (id, name, level) VALUES (109, 'Fireball', 4);
INSERT INTO card (id, name, level) VALUES (110, 'Fireball', 5);
INSERT INTO card (id, name, level) VALUES (111, 'Fireball', 6);
INSERT INTO card (id, name, level) VALUES (112, 'Fireball', 7);
INSERT INTO card (id, name, level) VALUES (113, 'Fireball', 8);
INSERT INTO card (id, name, level) VALUES (114, 'Fireball', 9);
INSERT INTO card (id, name, level) VALUES (115, 'Fireball', 10);
INSERT INTO card (id, name, level) VALUES (116, 'Fireball', 11);
INSERT INTO card (id, name, level) VALUES (117, 'Fireball', 12);
INSERT INTO card (id, name, level) VALUES (118, 'Fireball', 13);
INSERT INTO card (id, name, level) VALUES (119, 'Fireball', 14);
INSERT INTO card (id, name, level) VALUES (120, 'Fireball', 15);
INSERT INTO card (id, name, level) VALUES (121, 'Arrows', 1);
INSERT INTO card (id, name, level) VALUES (122, 'Arrows', 2);
INSERT INTO card (id, name, level) VALUES (123, 'Arrows', 3);
INSERT INTO card (id, name, level) VALUES (124, 'Arrows', 4);
INSERT INTO card (id, name, level) VALUES (125, 'Arrows', 5);
INSERT INTO card (id, name, level) VALUES (126, 'Arrows', 6);
INSERT INTO card (id, name, level) VALUES (127, 'Arrows', 7);
INSERT INTO card (id, name, level) VALUES (128, 'Arrows', 8);
INSERT INTO card (id, name, level) VALUES (129, 'Arrows', 9);
INSERT INTO card (id, name, level) VALUES (130, 'Arrows', 10);
INSERT INTO card (id, name, level) VALUES (131, 'Arrows', 11);
INSERT INTO card (id, name, level) VALUES (132, 'Arrows', 12);
INSERT INTO card (id, name, level) VALUES (133, 'Arrows', 13);
INSERT INTO card (id, name, level) VALUES (134, 'Arrows', 14);
INSERT INTO card (id, name, level) VALUES (135, 'Arrows', 15);
INSERT INTO card (id, name, level) VALUES (136, 'Hog Rider', 1);
INSERT INTO card (id, name, level) VALUES (137, 'Hog Rider', 2);
INSERT INTO card (id, name, level) VALUES (138, 'Hog Rider', 3);
INSERT INTO card (id, name, level) VALUES (139, 'Hog Rider', 4);
INSERT INTO card (id, name, level) VALUES (140, 'Hog Rider', 5);
INSERT INTO card (id, name, level) VALUES (141, 'Hog Rider', 6);
INSERT INTO card (id, name, level) VALUES (142, 'Hog Rider', 7);
INSERT INTO card (id, name, level) VALUES (143, 'Hog Rider', 8);
INSERT INTO card (id, name, level) VALUES (144, 'Hog Rider', 9);
INSERT INTO card (id, name, level) VALUES (145, 'Hog Rider', 10);
INSERT INTO card (id, name, level) VALUES (146, 'Hog Rider', 11);
INSERT INTO card (id, name, level) VALUES (147, 'Hog Rider', 12);
INSERT INTO card (id, name, level) VALUES (148, 'Hog Rider', 13);
INSERT INTO card (id, name, level) VALUES (149, 'Hog Rider', 14);
INSERT INTO card (id, name, level) VALUES (150, 'Hog Rider', 15);



INSERT INTO player (id, name, level) VALUES (1, 'Amir', 56);
INSERT INTO player (id, name, level) VALUES (2, 'John', 50);
INSERT INTO player (id, name, level) VALUES (3, 'Dorian', 32);
INSERT INTO player (id, name, level) VALUES (4, 'David', 60);
INSERT INTO player (id, name, level) VALUES (5, 'Josh', 25);
INSERT INTO player (id, name, level) VALUES (6, 'Emily', 55);
INSERT INTO player (id, name, level) VALUES (7, 'Sophia', 50);
INSERT INTO player (id, name, level) VALUES (8, 'Isabella', 51);
INSERT INTO player (id, name, level) VALUES (9, 'Emma', 54);
INSERT INTO player (id, name, level) VALUES (10, 'Olivia', 49);
INSERT INTO player (id, name, level) VALUES (11, 'Ava', 38);
INSERT INTO player (id, name, level) VALUES (12, 'Mia', 56);
INSERT INTO player (id, name, level) VALUES (13, 'Amelia', 57);
INSERT INTO player (id, name, level) VALUES (14, 'Harper', 59);
INSERT INTO player (id, name, level) VALUES (15, 'Evelyn', 51);
INSERT INTO player (id, name, level) VALUES (16, 'Abigail', 46);
INSERT INTO player (id, name, level) VALUES (17, 'Charlotte', 16);
INSERT INTO player (id, name, level) VALUES (18, 'Sophia', 43);
INSERT INTO player (id, name, level) VALUES (19, 'Avery', 22);
INSERT INTO player (id, name, level) VALUES (20, 'Ella', 19);
INSERT INTO player (id, name, level) VALUES (21, 'Scarlett', 31);
INSERT INTO player (id, name, level) VALUES (22, 'Grace', 51);
INSERT INTO player (id, name, level) VALUES (23, 'Chloe', 47);
INSERT INTO player (id, name, level) VALUES (24, 'Victoria', 22);
INSERT INTO player (id, name, level) VALUES (25, 'Riley', 33);


INSERT INTO player_cards (id, player_id, card_name) VALUES (1, 1, 15);
INSERT INTO player_cards (id, player_id, card_name) VALUES (2, 1, 30);
INSERT INTO player_cards (id, player_id, card_name) VALUES (3, 1, 45);
INSERT INTO player_cards (id, player_id, card_name) VALUES (4, 1, 60);
INSERT INTO player_cards (id, player_id, card_name) VALUES (5, 1, 75);
INSERT INTO player_cards (id, player_id, card_name) VALUES (6, 1, 90);
INSERT INTO player_cards (id, player_id, card_name) VALUES (7, 1, 105);
INSERT INTO player_cards (id, player_id, card_name) VALUES (8, 1, 120);
INSERT INTO player_cards (id, player_id, card_name) VALUES (9, 1, 135);
INSERT INTO player_cards (id, player_id, card_name) VALUES (10, 1, 150);
INSERT INTO player_cards (id, player_id, card_name) VALUES (11, 2, 8);
INSERT INTO player_cards (id, player_id, card_name) VALUES (12, 2, 29);
INSERT INTO player_cards (id, player_id, card_name) VALUES (13, 2, 44);
INSERT INTO player_cards (id, player_id, card_name) VALUES (14, 2, 58);
INSERT INTO player_cards (id, player_id, card_name) VALUES (15, 2, 72);
INSERT INTO player_cards (id, player_id, card_name) VALUES (16, 2, 87);
INSERT INTO player_cards (id, player_id, card_name) VALUES (17, 2, 101);
INSERT INTO player_cards (id, player_id, card_name) VALUES (18, 2, 116);
INSERT INTO player_cards (id, player_id, card_name) VALUES (19, 2, 128);
INSERT INTO player_cards (id, player_id, card_name) VALUES (20, 2, 147);
INSERT INTO player_cards (id, player_id, card_name) VALUES (21, 3, 11);
INSERT INTO player_cards (id, player_id, card_name) VALUES (22, 3, 25);
INSERT INTO player_cards (id, player_id, card_name) VALUES (23, 3, 39);
INSERT INTO player_cards (id, player_id, card_name) VALUES (24, 3, 53);
INSERT INTO player_cards (id, player_id, card_name) VALUES (25, 3, 66);
INSERT INTO player_cards (id, player_id, card_name) VALUES (26, 3, 79);
INSERT INTO player_cards (id, player_id, card_name) VALUES (27, 3, 93);
INSERT INTO player_cards (id, player_id, card_name) VALUES (28, 3, 107);
INSERT INTO player_cards (id, player_id, card_name) VALUES (29, 3, 121);
INSERT INTO player_cards (id, player_id, card_name) VALUES (30, 3, 134);
INSERT INTO player_cards (id, player_id, card_name) VALUES (31, 4, 4);
INSERT INTO player_cards (id, player_id, card_name) VALUES (32, 4, 21);
INSERT INTO player_cards (id, player_id, card_name) VALUES (33, 4, 36);
INSERT INTO player_cards (id, player_id, card_name) VALUES (34, 4, 50);
INSERT INTO player_cards (id, player_id, card_name) VALUES (35, 4, 64);
INSERT INTO player_cards (id, player_id, card_name) VALUES (36, 4, 78);
INSERT INTO player_cards (id, player_id, card_name) VALUES (37, 4, 92);
INSERT INTO player_cards (id, player_id, card_name) VALUES (38, 4, 106);
INSERT INTO player_cards (id, player_id, card_name) VALUES (39, 4, 119);
INSERT INTO player_cards (id, player_id, card_name) VALUES (40, 4, 133);
INSERT INTO player_cards (id, player_id, card_name) VALUES (41, 5, 7);
INSERT INTO player_cards (id, player_id, card_name) VALUES (42, 5, 22);
INSERT INTO player_cards (id, player_id, card_name) VALUES (43, 5, 38);
INSERT INTO player_cards (id, player_id, card_name) VALUES (44, 5, 54);
INSERT INTO player_cards (id, player_id, card_name) VALUES (45, 5, 70);
INSERT INTO player_cards (id, player_id, card_name) VALUES (46, 5, 86);
INSERT INTO player_cards (id, player_id, card_name) VALUES (47, 5, 102);
INSERT INTO player_cards (id, player_id, card_name) VALUES (48, 5, 117);
INSERT INTO player_cards (id, player_id, card_name) VALUES (49, 5, 132);
INSERT INTO player_cards (id, player_id, card_name) VALUES (50, 5, 147);
INSERT INTO player_cards (id, player_id, card_name) VALUES (51, 6, 12);
INSERT INTO player_cards (id, player_id, card_name) VALUES (52, 6, 26);
INSERT INTO player_cards (id, player_id, card_name) VALUES (53, 6, 42);
INSERT INTO player_cards (id, player_id, card_name) VALUES (54, 6, 58);
INSERT INTO player_cards (id, player_id, card_name) VALUES (55, 6, 74);
INSERT INTO player_cards (id, player_id, card_name) VALUES (56, 6, 90);
INSERT INTO player_cards (id, player_id, card_name) VALUES (57, 6, 106);
INSERT INTO player_cards (id, player_id, card_name) VALUES (58, 6, 122);
INSERT INTO player_cards (id, player_id, card_name) VALUES (59, 6, 138);
INSERT INTO player_cards (id, player_id, card_name) VALUES (60, 6, 150);
INSERT INTO player_cards (id, player_id, card_name) VALUES (61, 7, 14);
INSERT INTO player_cards (id, player_id, card_name) VALUES (62, 7, 29);
INSERT INTO player_cards (id, player_id, card_name) VALUES (63, 7, 44);
INSERT INTO player_cards (id, player_id, card_name) VALUES (64, 7, 59);
INSERT INTO player_cards (id, player_id, card_name) VALUES (65, 7, 74);
INSERT INTO player_cards (id, player_id, card_name) VALUES (66, 7, 89);
INSERT INTO player_cards (id, player_id, card_name) VALUES (67, 7, 104);
INSERT INTO player_cards (id, player_id, card_name) VALUES (68, 7, 119);
INSERT INTO player_cards (id, player_id, card_name) VALUES (69, 7, 134);
INSERT INTO player_cards (id, player_id, card_name) VALUES (70, 7, 149);
INSERT INTO player_cards (id, player_id, card_name) VALUES (71, 8, 15);
INSERT INTO player_cards (id, player_id, card_name) VALUES (72, 8, 28);
INSERT INTO player_cards (id, player_id, card_name) VALUES (73, 8, 43);
INSERT INTO player_cards (id, player_id, card_name) VALUES (74, 8, 56);
INSERT INTO player_cards (id, player_id, card_name) VALUES (75, 8, 71);
INSERT INTO player_cards (id, player_id, card_name) VALUES (76, 8, 86);
INSERT INTO player_cards (id, player_id, card_name) VALUES (77, 8, 101);
INSERT INTO player_cards (id, player_id, card_name) VALUES (78, 8, 116);
INSERT INTO player_cards (id, player_id, card_name) VALUES (79, 8, 131);
INSERT INTO player_cards (id, player_id, card_name) VALUES (80, 8, 146);
INSERT INTO player_cards (id, player_id, card_name) VALUES (81, 9, 14);
INSERT INTO player_cards (id, player_id, card_name) VALUES (82, 9, 29);
INSERT INTO player_cards (id, player_id, card_name) VALUES (83, 9, 44);
INSERT INTO player_cards (id, player_id, card_name) VALUES (84, 9, 59);
INSERT INTO player_cards (id, player_id, card_name) VALUES (85, 9, 74);
INSERT INTO player_cards (id, player_id, card_name) VALUES (86, 9, 89);
INSERT INTO player_cards (id, player_id, card_name) VALUES (87, 9, 104);
INSERT INTO player_cards (id, player_id, card_name) VALUES (88, 9, 119);
INSERT INTO player_cards (id, player_id, card_name) VALUES (89, 9, 134);
INSERT INTO player_cards (id, player_id, card_name) VALUES (90, 9, 149);
INSERT INTO player_cards (id, player_id, card_name) VALUES (91, 10, 13);
INSERT INTO player_cards (id, player_id, card_name) VALUES (92, 10, 28);
INSERT INTO player_cards (id, player_id, card_name) VALUES (93, 10, 43);
INSERT INTO player_cards (id, player_id, card_name) VALUES (94, 10, 58);
INSERT INTO player_cards (id, player_id, card_name) VALUES (95, 10, 73);
INSERT INTO player_cards (id, player_id, card_name) VALUES (96, 10, 88);
INSERT INTO player_cards (id, player_id, card_name) VALUES (97, 10, 103);
INSERT INTO player_cards (id, player_id, card_name) VALUES (98, 10, 118);
INSERT INTO player_cards (id, player_id, card_name) VALUES (99, 10, 133);
INSERT INTO player_cards (id, player_id, card_name) VALUES (100, 10, 148);
INSERT INTO player_cards (id, player_id, card_name) VALUES (101, 11, 12);
INSERT INTO player_cards (id, player_id, card_name) VALUES (102, 11, 27);
INSERT INTO player_cards (id, player_id, card_name) VALUES (103, 11, 42);
INSERT INTO player_cards (id, player_id, card_name) VALUES (104, 11, 57);
INSERT INTO player_cards (id, player_id, card_name) VALUES (105, 11, 72);
INSERT INTO player_cards (id, player_id, card_name) VALUES (106, 11, 87);
INSERT INTO player_cards (id, player_id, card_name) VALUES (107, 11, 102);
INSERT INTO player_cards (id, player_id, card_name) VALUES (108, 11, 117);
INSERT INTO player_cards (id, player_id, card_name) VALUES (109, 11, 132);
INSERT INTO player_cards (id, player_id, card_name) VALUES (110, 11, 147);
INSERT INTO player_cards (id, player_id, card_name) VALUES (111, 12, 6);
INSERT INTO player_cards (id, player_id, card_name) VALUES (112, 12, 21);
INSERT INTO player_cards (id, player_id, card_name) VALUES (113, 12, 36);
INSERT INTO player_cards (id, player_id, card_name) VALUES (114, 12, 51);
INSERT INTO player_cards (id, player_id, card_name) VALUES (115, 12, 66);
INSERT INTO player_cards (id, player_id, card_name) VALUES (116, 12, 81);
INSERT INTO player_cards (id, player_id, card_name) VALUES (117, 12, 96);
INSERT INTO player_cards (id, player_id, card_name) VALUES (118, 12, 111);
INSERT INTO player_cards (id, player_id, card_name) VALUES (119, 12, 126);
INSERT INTO player_cards (id, player_id, card_name) VALUES (120, 12, 141);
INSERT INTO player_cards (id, player_id, card_name) VALUES (121, 13, 3);
INSERT INTO player_cards (id, player_id, card_name) VALUES (122, 13, 18);
INSERT INTO player_cards (id, player_id, card_name) VALUES (123, 13, 33);
INSERT INTO player_cards (id, player_id, card_name) VALUES (124, 13, 48);
INSERT INTO player_cards (id, player_id, card_name) VALUES (125, 13, 63);
INSERT INTO player_cards (id, player_id, card_name) VALUES (126, 13, 78);
INSERT INTO player_cards (id, player_id, card_name) VALUES (127, 13, 93);
INSERT INTO player_cards (id, player_id, card_name) VALUES (128, 13, 108);
INSERT INTO player_cards (id, player_id, card_name) VALUES (129, 13, 123);
INSERT INTO player_cards (id, player_id, card_name) VALUES (130, 13, 138);
INSERT INTO player_cards (id, player_id, card_name) VALUES (131, 14, 9);
INSERT INTO player_cards (id, player_id, card_name) VALUES (132, 14, 24);
INSERT INTO player_cards (id, player_id, card_name) VALUES (133, 14, 39);
INSERT INTO player_cards (id, player_id, card_name) VALUES (134, 14, 54);
INSERT INTO player_cards (id, player_id, card_name) VALUES (135, 14, 69);
INSERT INTO player_cards (id, player_id, card_name) VALUES (136, 14, 84);
INSERT INTO player_cards (id, player_id, card_name) VALUES (137, 14, 99);
INSERT INTO player_cards (id, player_id, card_name) VALUES (138, 14, 114);
INSERT INTO player_cards (id, player_id, card_name) VALUES (139, 14, 129);
INSERT INTO player_cards (id, player_id, card_name) VALUES (140, 14, 144);
INSERT INTO player_cards (id, player_id, card_name) VALUES (141, 14, 2);
INSERT INTO player_cards (id, player_id, card_name) VALUES (142, 15, 17);
INSERT INTO player_cards (id, player_id, card_name) VALUES (143, 15, 32);
INSERT INTO player_cards (id, player_id, card_name) VALUES (144, 15, 47);
INSERT INTO player_cards (id, player_id, card_name) VALUES (145, 15, 62);
INSERT INTO player_cards (id, player_id, card_name) VALUES (146, 15, 77);
INSERT INTO player_cards (id, player_id, card_name) VALUES (147, 15, 92);
INSERT INTO player_cards (id, player_id, card_name) VALUES (148, 15, 107);
INSERT INTO player_cards (id, player_id, card_name) VALUES (149, 15, 122);
INSERT INTO player_cards (id, player_id, card_name) VALUES (150, 15, 137);
INSERT INTO player_cards (id, player_id, card_name) VALUES (151, 16, 12);
INSERT INTO player_cards (id, player_id, card_name) VALUES (152, 16, 27);
INSERT INTO player_cards (id, player_id, card_name) VALUES (153, 16, 42);
INSERT INTO player_cards (id, player_id, card_name) VALUES (154, 16, 57);
INSERT INTO player_cards (id, player_id, card_name) VALUES (155, 16, 72);
INSERT INTO player_cards (id, player_id, card_name) VALUES (156, 16, 87);
INSERT INTO player_cards (id, player_id, card_name) VALUES (157, 16, 102);
INSERT INTO player_cards (id, player_id, card_name) VALUES (158, 16, 117);
INSERT INTO player_cards (id, player_id, card_name) VALUES (159, 16, 132);
INSERT INTO player_cards (id, player_id, card_name) VALUES (160, 16, 147);
INSERT INTO player_cards (id, player_id, card_name) VALUES (161, 17, 5);
INSERT INTO player_cards (id, player_id, card_name) VALUES (162, 17, 20);
INSERT INTO player_cards (id, player_id, card_name) VALUES (163, 17, 35);
INSERT INTO player_cards (id, player_id, card_name) VALUES (164, 17, 50);
INSERT INTO player_cards (id, player_id, card_name) VALUES (165, 17, 65);
INSERT INTO player_cards (id, player_id, card_name) VALUES (166, 17, 80);
INSERT INTO player_cards (id, player_id, card_name) VALUES (167, 17, 95);
INSERT INTO player_cards (id, player_id, card_name) VALUES (168, 17, 110);
INSERT INTO player_cards (id, player_id, card_name) VALUES (169, 17, 125);
INSERT INTO player_cards (id, player_id, card_name) VALUES (170, 17, 140);
INSERT INTO player_cards (id, player_id, card_name) VALUES (171, 18, 10);
INSERT INTO player_cards (id, player_id, card_name) VALUES (172, 18, 25);
INSERT INTO player_cards (id, player_id, card_name) VALUES (173, 18, 40);
INSERT INTO player_cards (id, player_id, card_name) VALUES (174, 18, 55);
INSERT INTO player_cards (id, player_id, card_name) VALUES (175, 18, 70);
INSERT INTO player_cards (id, player_id, card_name) VALUES (176, 18, 85);
INSERT INTO player_cards (id, player_id, card_name) VALUES (177, 18, 100);
INSERT INTO player_cards (id, player_id, card_name) VALUES (178, 18, 115);
INSERT INTO player_cards (id, player_id, card_name) VALUES (179, 18, 130);
INSERT INTO player_cards (id, player_id, card_name) VALUES (180, 18, 145);
INSERT INTO player_cards (id, player_id, card_name) VALUES (181, 19, 5);
INSERT INTO player_cards (id, player_id, card_name) VALUES (182, 19, 20);
INSERT INTO player_cards (id, player_id, card_name) VALUES (183, 19, 35);
INSERT INTO player_cards (id, player_id, card_name) VALUES (184, 19, 50);
INSERT INTO player_cards (id, player_id, card_name) VALUES (185, 19, 65);
INSERT INTO player_cards (id, player_id, card_name) VALUES (186, 19, 80);
INSERT INTO player_cards (id, player_id, card_name) VALUES (187, 19, 95);
INSERT INTO player_cards (id, player_id, card_name) VALUES (188, 19, 110);
INSERT INTO player_cards (id, player_id, card_name) VALUES (189, 19, 125);
INSERT INTO player_cards (id, player_id, card_name) VALUES (190, 19, 140);
INSERT INTO player_cards (id, player_id, card_name) VALUES (191, 20, 10);
INSERT INTO player_cards (id, player_id, card_name) VALUES (192, 20, 25);
INSERT INTO player_cards (id, player_id, card_name) VALUES (193, 20, 40);
INSERT INTO player_cards (id, player_id, card_name) VALUES (194, 20, 55);
INSERT INTO player_cards (id, player_id, card_name) VALUES (195, 20, 70);
INSERT INTO player_cards (id, player_id, card_name) VALUES (196, 20, 85);
INSERT INTO player_cards (id, player_id, card_name) VALUES (197, 20, 100);
INSERT INTO player_cards (id, player_id, card_name) VALUES (198, 20, 115);
INSERT INTO player_cards (id, player_id, card_name) VALUES (199, 20, 130);
INSERT INTO player_cards (id, player_id, card_name) VALUES (200, 20, 145);
INSERT INTO player_cards (id, player_id, card_name) VALUES (201, 21, 5);
INSERT INTO player_cards (id, player_id, card_name) VALUES (202, 21, 20);
INSERT INTO player_cards (id, player_id, card_name) VALUES (203, 21, 35);
INSERT INTO player_cards (id, player_id, card_name) VALUES (204, 21, 50);
INSERT INTO player_cards (id, player_id, card_name) VALUES (205, 21, 65);
INSERT INTO player_cards (id, player_id, card_name) VALUES (206, 21, 80);
INSERT INTO player_cards (id, player_id, card_name) VALUES (207, 21, 95);
INSERT INTO player_cards (id, player_id, card_name) VALUES (208, 21, 110);
INSERT INTO player_cards (id, player_id, card_name) VALUES (209, 21, 125);
INSERT INTO player_cards (id, player_id, card_name) VALUES (210, 21, 140);
INSERT INTO player_cards (id, player_id, card_name) VALUES (211, 22, 10);
INSERT INTO player_cards (id, player_id, card_name) VALUES (212, 22, 25);
INSERT INTO player_cards (id, player_id, card_name) VALUES (213, 22, 40);
INSERT INTO player_cards (id, player_id, card_name) VALUES (214, 22, 55);
INSERT INTO player_cards (id, player_id, card_name) VALUES (215, 22, 70);
INSERT INTO player_cards (id, player_id, card_name) VALUES (216, 22, 85);
INSERT INTO player_cards (id, player_id, card_name) VALUES (217, 22, 100);
INSERT INTO player_cards (id, player_id, card_name) VALUES (218, 22, 115);
INSERT INTO player_cards (id, player_id, card_name) VALUES (219, 22, 130);
INSERT INTO player_cards (id, player_id, card_name) VALUES (220, 22, 145);
INSERT INTO player_cards (id, player_id, card_name) VALUES (221, 23, 2);
INSERT INTO player_cards (id, player_id, card_name) VALUES (222, 23, 17);
INSERT INTO player_cards (id, player_id, card_name) VALUES (223, 23, 32);
INSERT INTO player_cards (id, player_id, card_name) VALUES (224, 23, 47);
INSERT INTO player_cards (id, player_id, card_name) VALUES (225, 23, 62);
INSERT INTO player_cards (id, player_id, card_name) VALUES (226, 23, 77);
INSERT INTO player_cards (id, player_id, card_name) VALUES (227, 23, 92);
INSERT INTO player_cards (id, player_id, card_name) VALUES (228, 23, 107);
INSERT INTO player_cards (id, player_id, card_name) VALUES (229, 23, 122);
INSERT INTO player_cards (id, player_id, card_name) VALUES (230, 23, 137);
INSERT INTO player_cards (id, player_id, card_name) VALUES (231, 24, 8);
INSERT INTO player_cards (id, player_id, card_name) VALUES (232, 24, 22);
INSERT INTO player_cards (id, player_id, card_name) VALUES (233, 24, 37);
INSERT INTO player_cards (id, player_id, card_name) VALUES (234, 24, 52);
INSERT INTO player_cards (id, player_id, card_name) VALUES (235, 24, 67);
INSERT INTO player_cards (id, player_id, card_name) VALUES (236, 24, 82);
INSERT INTO player_cards (id, player_id, card_name) VALUES (237, 24, 97);
INSERT INTO player_cards (id, player_id, card_name) VALUES (238, 24, 112);
INSERT INTO player_cards (id, player_id, card_name) VALUES (239, 24, 127);
INSERT INTO player_cards (id, player_id, card_name) VALUES (240, 24, 142);
INSERT INTO player_cards (id, player_id, card_name) VALUES (241, 25, 7);
INSERT INTO player_cards (id, player_id, card_name) VALUES (242, 25, 21);
INSERT INTO player_cards (id, player_id, card_name) VALUES (243, 25, 36);
INSERT INTO player_cards (id, player_id, card_name) VALUES (244, 25, 51);
INSERT INTO player_cards (id, player_id, card_name) VALUES (245, 25, 66);
INSERT INTO player_cards (id, player_id, card_name) VALUES (246, 25, 81);
INSERT INTO player_cards (id, player_id, card_name) VALUES (247, 25, 96);
INSERT INTO player_cards (id, player_id, card_name) VALUES (248, 25, 111);
INSERT INTO player_cards (id, player_id, card_name) VALUES (249, 25, 126);
INSERT INTO player_cards (id, player_id, card_name) VALUES (250, 25, 141);






INSERT INTO upgrade_cost (id, level, cost) VALUES (1, 1,  0);
INSERT INTO upgrade_cost (id, level, cost) VALUES (2, 2,  5);
INSERT INTO upgrade_cost (id, level, cost) VALUES (3, 3,  20);
INSERT INTO upgrade_cost (id, level, cost) VALUES (4, 4,  50);
INSERT INTO upgrade_cost (id, level, cost) VALUES (5, 5,  150);
INSERT INTO upgrade_cost (id, level, cost) VALUES (6, 6,  400);
INSERT INTO upgrade_cost (id, level, cost) VALUES (7, 7,  1000);
INSERT INTO upgrade_cost (id, level, cost) VALUES (8, 8,  2000);
INSERT INTO upgrade_cost (id, level, cost) VALUES (9, 9,  4000);
INSERT INTO upgrade_cost (id, level, cost) VALUES (10, 10,  8000);
INSERT INTO upgrade_cost (id, level, cost) VALUES (11, 11,  15000);
INSERT INTO upgrade_cost (id, level, cost) VALUES (12, 12,  35000);
INSERT INTO upgrade_cost (id, level, cost) VALUES (13, 13,  75000);
INSERT INTO upgrade_cost (id, level, cost) VALUES (14, 14,  100000);
INSERT INTO upgrade_cost (id, level, cost) VALUES (15, 15,  0);



